{
    "predictions": {
        "hour0": 301.7517129611,
        "hour1": 300.8685581322,
        "hour2": 299.5002641757,
        "hour3": 297.7441350365,
        "hour4": 295.7225506554,
        "hour5": 293.5744581472,
        "hour6": 291.4458383223,
        "hour7": 289.4798004712,
        "hour8": 287.8069763786,
        "hour9": 286.5368572187,
        "hour10": 285.7506466052,
        "hour11": 285.4960948558,
        "hour12": 285.7846411415,
        "hour13": 286.5910312978,
        "hour14": 287.8554105724,
        "hour15": 289.4877239345,
        "hour16": 291.3741029767,
        "hour17": 293.3847880944,
        "hour18": 295.3830360706,
        "hour19": 297.2344027168,
        "hour20": 298.8157714876,
        "hour21": 300.023522816,
        "hour22": 300.780303248,
        "hour23": 301.0399535236
    }
}