{"0": {"hour0": 301.7517129611, "hour1": 300.8685581322, "hour2": 299.5002641757, "hour3": 297.7441350365, "hour4": 295.7225506554, "hour5": 293.5744581472, "hour6": 291.4458383223, "hour7": 289.4798004712, "hour8": 287.8069763786, "hour9": 286.5368572187, "hour10": 285.7506466052, "hour11": 285.4960948558, "hour12": 285.7846411415, "hour13": 286.5910312978, "hour14": 287.8554105724, "hour15": 289.4877239345, "hour16": 291.3741029767, "hour17": 293.3847880944, "hour18": 295.3830360706, "hour19": 297.2344027168, "hour20": 298.8157714876, "hour21": 300.023522816, "hour22": 300.780303248, "hour23": 301.0399535236, "hour24": 300.7902834332, "hour25": 300.0535296136, "hour26": 298.8844902188, "hour27": 297.3664869047, "hour28": 295.6054492607, "hour29": 293.7225400973, "hour30": 291.8458337836, "hour31": 290.1016181188, "hour32": 288.6059094739, "hour33": 287.4567502783, "hour34": 286.7277991592, "hour35": 286.4636315444, "hour36": 286.6770488941, "hour37": 287.348556284, "hour38": 288.4280203423, "hour39": 289.8383725944, "hour40": 291.4810869779, "hour41": 293.2430437223, "hour42": 295.004302575, "hour43": 296.6462522222, "hour44": 298.0595831201, "hour45": 299.1515487484, "hour46": 299.8520339363, "hour47": 300.118034381, "hour48": 299.9362627006, "hour49": 299.3237255576, "hour50": 298.3262546782, "hour51": 297.0151125526, "hour52": 295.4819219615, "hour53": 293.832278677, "hour54": 292.178491521, "hour55": 290.6319479767, "hour56": 289.2956234391, "hour57": 288.2572369793, "hour58": 287.5835075912, "hour59": 287.3158859285, "hour60": 287.4680331781, "hour61": 288.0251981641, "hour62": 288.9455143373, "hour63": 290.1631087947, "hour64": 291.5927946052, "hour65": 293.1360135498, "hour66": 294.6876157375, "hour67": 296.1430106301, "hour68": 297.4052039684, "hour69": 298.3912479703, "hour70": 299.0376767265, "hour71": 299.3045716355}}