{"0": {"hour0": 29.7173814158, "hour1": 35.4701056847, "hour2": 41.2083444077, "hour3": 46.8750972758, "hour4": 52.1159789652, "hour5": 56.75983211, "hour6": 60.7506156152, "hour7": 64.1011093552, "hour8": 66.8620884493, "hour9": 69.1023305634, "hour10": 70.896100926, "hour11": 72.315711543, "hour12": 73.4274521051, "hour13": 74.2897017771, "hour14": 74.9524010272, "hour15": 75.457327432, "hour16": 75.8388067393, "hour17": 76.1246213586, "hour18": 76.3369685392, "hour19": 76.4933814241, "hour20": 76.6075664816, "hour21": 76.690136744, "hour22": 76.7492363251, "hour23": 76.7910610556, "hour24": 76.8202850356, "hour25": 76.8404050399, "hour26": 76.8540151013, "hour27": 76.8630229875, "hour28": 76.8688191344, "hour29": 76.8724072409, "hour30": 76.8745043266, "hour31": 76.8756167397, "hour32": 76.8760974115, "hour33": 76.8761886265, "hour34": 76.8760537017, "hour35": 76.8758002498, "hour36": 76.8754971052, "hour37": 76.8751865205, "hour38": 76.874892863, "hour39": 76.8746287418, "hour40": 76.8743992681, "hour41": 76.8742049713, "hour42": 76.8740437575, "hour43": 76.8739121935, "hour44": 76.8738063235, "hour45": 76.8737221655, "hour46": 76.8736559941, "hour47": 76.8736044814, "hour48": 76.8735647514, "hour49": 76.8735343779, "hour50": 76.8735113545, "hour51": 76.8734940482, "hour52": 76.8734811478, "hour53": 76.873471613, "hour54": 76.8734646275, "hour55": 76.8734595569, "hour56": 76.8734559126, "hour57": 76.8734533217, "hour58": 76.8734515019, "hour59": 76.8734502413, "hour60": 76.8734493824, "hour61": 76.8734488086, "hour62": 76.873448435, "hour63": 76.8734481998, "hour64": 76.8734480587, "hour65": 76.8734479805, "hour66": 76.873447943, "hour67": 76.873447931, "hour68": 76.8734479344, "hour69": 76.8734479461, "hour70": 76.8734479618, "hour71": 76.8734479786}}