{"0": {"hour0": 29.7173814158, "hour1": 35.4701056847, "hour2": 41.2083444077, "hour3": 46.8750972758, "hour4": 52.1159789652, "hour5": 56.75983211, "hour6": 60.7506156152, "hour7": 64.1011093552, "hour8": 66.8620884493, "hour9": 69.1023305634, "hour10": 70.896100926, "hour11": 72.315711543, "hour12": 73.4274521051, "hour13": 74.2897017771, "hour14": 74.9524010272, "hour15": 75.457327432, "hour16": 75.8388067393, "hour17": 76.1246213586, "hour18": 76.3369685392, "hour19": 76.4933814241, "hour20": 76.6075664816, "hour21": 76.690136744, "hour22": 76.7492363251, "hour23": 76.7910610556}}