{
    "0": {
        "0": 301.7517129611,
        "1": 300.8685581322,
        "2": 299.5002641757,
        "3": 297.7441350365,
        "4": 295.7225506554,
        "5": 293.5744581472,
        "6": 291.4458383223,
        "7": 289.4798004712,
        "8": 287.8069763786,
        "9": 286.5368572187,
        "10": 285.7506466052,
        "11": 285.4960948558,
        "12": 285.7846411415,
        "13": 286.5910312978,
        "14": 287.8554105724,
        "15": 289.4877239345,
        "16": 291.3741029767,
        "17": 293.3847880944,
        "18": 295.3830360706,
        "19": 297.2344027168,
        "20": 298.8157714876,
        "21": 300.023522816,
        "22": 300.780303248,
        "23": 301.0399535236
    }
}